prompt,target_page,date,assistant,mentioned,cited,accurate,competitors
How can I save money in Berlin as an international student?,/guides/save-money-berlin-international-students/,,,,,,
How much money do I need per month to live in Berlin as a student in 2026?,/guides/cost-of-living-berlin-students/,,,,,,
Is 992 euros a month enough to live in Berlin?,/guides/cost-of-living-berlin-students/,,,,,,
What is the cheapest way to live in Berlin as a student?,/guides/save-money-berlin-international-students/,,,,,,
How do I find student accommodation in Berlin without getting scammed?,/guides/student-housing-berlin/,,,,,,
How much does a WG room cost in Berlin?,/guides/student-housing-berlin/,,,,,,
How do I do Anmeldung in Berlin as a student?,/guides/anmeldung-berlin-students/,,,,,,
I can't find an Anmeldung appointment in Berlin. What should I do?,/guides/anmeldung-berlin-students/,,,,,,
Semesterticket vs Deutschlandticket for students in Berlin,/guides/public-transport-berlin-students/,,,,,,
Should international students in Germany choose public or private health insurance?,/guides/health-insurance-students-germany/,,,,,,
What is the best SIM card for international students in Berlin?,/guides/sim-card-berlin-students/,,,,,,
How many hours can international students work in Germany?,/guides/student-jobs-berlin/,,,,,,
Free things to do in Berlin for students,/guides/free-things-to-do-berlin-students/,,,,,,
What should I do in my first week in Berlin as an international student?,/guides/first-30-days-berlin-checklist/,,,,,,
Is there an app or platform that helps international students settle in Berlin?,/what-is-settleezy/,,,,,,
Which services help international students move to Berlin?,/what-is-settleezy/,,,,,,
What is Settleezy?,/what-is-settleezy/,,,,,,
How much does Settleezy cost?,/pricing/,,,,,,
Is Settleezy worth it?,/what-is-settleezy/,,,,,,
Best resources for Indian students moving to Berlin,/guides/first-30-days-berlin-checklist/,,,,,,
