name,kind,category,website,city
Freie Universität Berlin,university,education,https://www.fu-berlin.de,Berlin
Humboldt-Universität zu Berlin,university,education,https://www.hu-berlin.de,Berlin
Technische Universität Berlin,university,education,https://www.tu.berlin,Berlin
Universität der Künste Berlin,university,education,https://www.udk-berlin.de,Berlin
Hochschule für Technik und Wirtschaft Berlin (HTW),university,education,https://www.htw-berlin.de,Berlin
Berliner Hochschule für Technik (BHT),university,education,https://www.bht-berlin.de,Berlin
Hochschule für Wirtschaft und Recht Berlin (HWR),university,education,https://www.hwr-berlin.de,Berlin
Alice Salomon Hochschule Berlin,university,education,https://www.ash-berlin.eu,Berlin
Charité – Universitätsmedizin Berlin,university,education,https://www.charite.de,Berlin
Hochschule für Musik Hanns Eisler Berlin,university,education,https://www.hfm-berlin.de,Berlin
weißensee kunsthochschule berlin,university,education,https://www.kh-berlin.de,Berlin
Katholische Hochschule für Sozialwesen Berlin,university,education,https://www.khsb-berlin.de,Berlin
Evangelische Hochschule Berlin,university,education,https://www.eh-berlin.de,Berlin
Hertie School,university,education,https://www.hertie-school.org,Berlin
ESMT Berlin,university,education,https://esmt.berlin,Berlin
SRH Berlin University of Applied Sciences,university,education,https://www.srh-berlin.de,Berlin
GISMA University of Applied Sciences,university,education,https://www.gisma.com,Berlin
Berlin School of Business and Innovation (BSBI),university,education,https://www.berlinsbi.com,Berlin
CODE University of Applied Sciences,university,education,https://code.berlin,Berlin
University of Europe for Applied Sciences,university,education,https://www.ue-germany.com,Berlin
Touro University Berlin,university,education,https://www.touroberlin.de,Berlin
Bard College Berlin,university,education,https://berlin.bard.edu,Berlin
Berlin International University of Applied Sciences,university,education,https://www.berlin-international.de,Berlin
Macromedia University of Applied Sciences (Berlin),university,education,https://www.macromedia-university.com,Berlin
IU International University (Berlin),university,education,https://www.iu.org,Berlin
Studierendenwerk Berlin,housing,student housing,https://www.stw.berlin,Berlin
The Fizz Berlin,housing,student housing coliving,https://www.thefizz.com,Berlin
Wunderflats,housing,furnished apartment,https://wunderflats.com,Berlin
HousingAnywhere,housing,student housing room,https://housinganywhere.com,Berlin
Fintiba,service,blocked account bank,https://www.fintiba.com,Berlin
N26,service,bank,https://n26.com,Berlin
Feather,service,health insurance,https://feather-insurance.com,Berlin
